"ID","APPLICATION_NAME","ATTACHMENT_NAME","DATE","MODULE_ID"
"1","MPO-Enlisting","সভাপতির মতামতসহ অগ্রায়ন পত্র","2017-02-14","1"
"2","MPO-Enlisting","অধ্যক্ষের অগ্রায়ন পত্র","2017-02-14","1"
"3","MPO-Enlisting","১৫০ টাকার ননজুডিশিয়াল ষ্ট্যাম্পে সভাপতি ও প্রতিষ্ঠান প্রধান কর্তৃক প্রতিস্বাক্ষরে অঙ্গীকারনামা","2017-02-14","1"
"4","MPO-Enlisting","একটি জাতীয় দৈনিক পত্রিকায় প্রচারিত নিয়োগ বিজ্ঞপ্","2017-02-14","1"
"5","MPO-Enlisting","একটি স্থানীয় দৈনিক পত্রিকায় প্রচারিত নিয়োগ বিজ্ঞপ্","2017-02-14","1"
"6","MPO-Enlisting","নিয়োগ সংক্রান্ত সকল রেজুলেশন কপি","2017-02-14","1"
"7","MPO-Enlisting","নিয়োগ পরীক্ষার ফলাফলশীট","2017-02-14","1"
"8","MPO-Enlisting","শিক্ষাগত যোগ্যতার সকল সনদ পত্র","2017-02-14","1"
"9","MPO-Enlisting","নিয়োগ পত্","2017-02-14","1"
"10","MPO-Enlisting","যোগদান পত্","2017-02-14","1"
"11","MPO-Enlisting","ডিজি’র প্রতিনিধি মনোনয়ন পত্","2017-02-14","1"
"12","MPO-Enlisting","প্রতিষ্ঠানের প্রথম ও শেষ এমপিও কপি","2017-02-14","1"
"13","MPO-Enlisting","ইনডেক্সধারী শিক্ষক হলে পূর্ববর্তী-প্রতিষ্ঠান/প্রতিষ্ঠান সমূহের সংশ্লিষ্ট শিক্ষক/কর্মচারীর ১ম ও শেষ এমপিও কপি","2017-02-14","1"
"14","MPO-Enlisting","নিবন্ধন সনদ পত্","2017-02-14","1"
"15","MPO-Enlisting","প্রতিষ্ঠানের স্বীকৃতি পত্র","2017-02-14","1"
"16","MPO-Enlisting","ম্যানেজিং কমিটি অনুমোদনের কপি","2017-02-14","1"
"17","MPO-Enlisting","ইনডেক্সধারীর ক্ষেত্রে ব্যাংক প্রত্যয়ণপত্","2017-02-14","1"
"18","MPO-Enlisting","ব্যাংক একাউন্ট খোলার প্রত্যয়ণপত্","2017-02-14","1"
"19","MPO-Enlisting","প্রতিষ্ঠানের ভোকেশনাল শাখা খোলার মন্ত্রণালয়ের অনুমতি পত্র (জিও)","2017-02-14","1"
"20","MPO-Enlisting","ট্রেড খোলার অনুমতি পত্র","2017-02-14","1"
"21","MPO-Enlisting","ট্রেড অ্যাফিলিয়েশনের সর্বশেষ নবায়নের কপি","2017-02-14","1"
"22","MPO-TimeScale","সভাপতির মতামতসহ অগ্রায়ন পত্র","2017-02-14","1"
"23","MPO-TimeScale","প্রধান শিক্ষক / সুপারিনটেনডেন্টের অগ্রায়ন পত্","2017-02-14","1"
"24","MPO-TimeScale","নিয়োগ পত্","2017-02-14","1"
"25","MPO-TimeScale","যোগদান পত্","2017-02-14","1"
"26","MPO-TimeScale","অভিজ্ঞতার সনদপত্","2017-02-14","1"
"27","MPO-TimeScale","সকল শিক্ষাগত যোগ্যতার সনদ পত্র","2017-02-14","1"
"28","MPO-TimeScale","আবেদনকারীর ১ম ও শেষ এমপিও কপি","2017-02-14","1"
"29","MPO-TimeScale","বর্তমান স্কেল প্রাপ্তির পর থেকে ৮ বছর পূর্ণ হয়েছে কিনা","2017-02-14","1"
"30","MPO-TimeScale","টাইম স্কেল প্রাপ্যতার রেজুলেশন","2017-02-14","1"
"31","MPO-NameCorrection","সভাপতির মতামতসহ অগ্রায়ন পত্","2017-02-14","1"
"32","MPO-NameCorrection","অধ্যক্ষের অগ্রায়ন পত্র","2017-02-14","1"
"33","MPO-NameCorrection","নাম সংশোধনের রেজুলেশন","2017-02-14","1"
"34","MPO-NameCorrection","এসএসসি’র সনদ পত্","2017-02-14","1"
"35","MPO-NameCorrection","ভুলের আগের এমপিও কপি","2017-02-14","1"
"36","MPO-BDateCorrection","সভাপতির মতামতসহ অগ্রায়ন পত্","2017-02-14","1"
"37","MPO-BDateCorrection","অধ্যক্ষের অগ্রায়ন পত্র","2017-02-14","1"
"38","MPO-BDateCorrection","জন্ম তারিখ সংশোধনের রেজুলেশন","2017-02-14","1"
"39","MPO-BDateCorrection","এসএসসি’র সনদ পত্র","2017-02-14","1"
"40","MPO-BDateCorrection","ভুলের আগের এমপিও কপি","2017-02-14","1"
"41","MPO-BankCorrection","সভাপতির মতামতসহ অগ্রায়ন পত্","2017-02-14","1"
"42","MPO-BankCorrection","অধ্যক্ষের অগ্রায়ন পত্","2017-02-14","1"
"43","MPO-BankCorrection","ব্যাংক প্রত্যয়ণপত্র","2017-02-14","1"
"44","MPO-BankCorrection","ব্যাংক হিসাব নং সংশোধনের রেজুলেশন","2017-02-14","1"
"45","MPO-IndexCorrection","সভাপতির মতামতসহ অগ্রায়ন পত্র","2017-02-14","1"
"46","MPO-IndexCorrection","অধ্যক্ষের অগ্রায়ন পত্","2017-02-14","1"
"47","MPO-IndexCorrection","১ম এমপিও কপি","2017-02-14","1"
"48","MPO-IndexCorrection","ভুলের আগে এমপিও কপি","2017-02-14","1"
"49","MPO-IndexCorrection","ইনডেক্স নম্বর সংশোধনের রেজুলেশন","2017-02-14","1"
"50","MPO-IndexCorrection","নিয়োগ পত্র","2017-02-14","1"
"51","MPO-IndexCorrection","যোগদান পত্র","2017-02-14","1"
"52","MPO-IndexCorrection","নিয়োগ পরীক্ষার ফলাফলশীট","2017-02-14","1"
"53","MPO-IndexCorrection","নিয়োগ বিজ্ঞপ্","2017-02-14","1"
"54","MPO-IndexCorrection","ইএম আইএস সেলের মতামত","2017-02-14","1"
"55","MPO-NameCancellation","সভাপতির মতামতসহ অগ্রায়ন পত্","2017-02-14","1"
"56","MPO-NameCancellation","অধ্যক্ষের অগ্রায়ন পত্র","2017-02-14","1"
"57","MPO-NameCancellation","পদত্যাগ জনিত কারণে (পদত্যাগ জনিত নাম কর্তনের রেজুলেশন এবং পদত্যাগ পত্র )","2017-02-14","1"
"58","MPO-NameCancellation","মৃত জনিত কারণে (পৌরসভা চেয়ারম্যান কর্তৃক মৃত্যু সনদ / মৃত্যু সার্টিফিকেট (ডাক্তার কর্তৃক), মৃত্যু  জনিত কারণে নাম কর্তনের রেজুলেশন )","2017-02-14","1"
"59","MPO-NameCancellation","বহিস্কার জনিত কারণে ( সংশ্লিষ্ট বোর্ড কর্তৃক চূড়ান্ত বরখাস্ত পত্র এবং নাম কর্তনের জন্য রেজুলেশন)","2017-02-14","1"
"60","MPO-ExClassOpen","অধ্যক্ষের মতামতসহ আবেদন","2017-02-14","1"
"61","MPO-ExClassOpen","উপজেলা নির্বাহী অফিসারের হালনাগাদ পরিদর্শন প্রতিবেদন","2017-02-14","1"
"62","MPO-ExClassOpen","সংশ্লিষ্ট বোর্ড কর্তৃক বিদ্যালয় পরিদর্শক এর হালনাগাদ পরিদর্শন প্রতিবেদন","2017-02-14","1"
