"id","objectives","keyword","present_salary","expected_salary","look_for_nature","available_from","employee_id"
1,"ullamcorper, velit in aliquet lobortis, nisi nibh lacinia orci, consectetuer","Web Designer, Web Developer, Java Developer",165391,25091,"fulltime","2015-10-13",1
2,"diam nunc, ullamcorper eu, euismod ac, fermentum vel, mauris. Integer","Web Designer, Web Developer, Java Developer",62967,836250,"fulltime","2016-03-13",2
3,"nunc ac mattis ornare, lectus ante dictum mi, ac mattis","Web Designer, Web Developer, Java Developer",118009,555430,"fulltime","2015-05-16",3
4,"mollis. Integer tincidunt aliquam arcu. Aliquam ultrices iaculis odio. Nam","Web Designer, Web Developer, Java Developer",73638,601882,"fulltime","2016-07-10",4
5,"parturient montes, nascetur ridiculus mus. Donec dignissim magna a tortor.","Web Designer, Web Developer, Java Developer",255912,829098,"fulltime","2015-11-21",5
6,"Etiam gravida molestie arcu. Sed eu nibh vulputate mauris sagittis","Web Designer, Web Developer, Java Developer",66937,331186,"fulltime","2015-08-13",1
7,"molestie in, tempus eu, ligula. Aenean euismod mauris eu elit.","Web Designer, Web Developer, Java Developer",432688,197958,"fulltime","2016-08-10",2
8,"pharetra, felis eget varius ultrices, mauris ipsum porta elit, a","Web Designer, Web Developer, Java Developer",117110,150617,"fulltime","2015-08-01",3
9,"interdum. Nunc sollicitudin commodo ipsum. Suspendisse non leo. Vivamus nibh","Web Designer, Web Developer, Java Developer",131196,413260,"fulltime","2015-05-10",4
10,"libero. Donec consectetuer mauris id sapien. Cras dolor dolor, tempus","Web Designer, Web Developer, Java Developer",110199,468859,"fulltime","2015-03-10",5
11,"nunc. Quisque ornare tortor at risus. Nunc ac sem ut","Web Designer, Web Developer, Java Developer",310180,756130,"fulltime","2015-12-30",1
12,"tempus eu, ligula. Aenean euismod mauris eu elit. Nulla facilisi.","Web Designer, Web Developer, Java Developer",64732,121846,"fulltime","2015-02-21",2
13,"senectus et netus et malesuada fames ac turpis egestas. Fusce","Web Designer, Web Developer, Java Developer",347144,262711,"fulltime","2015-09-06",3
14,"ipsum leo elementum sem, vitae aliquam eros turpis non enim.","Web Designer, Web Developer, Java Developer",323965,875702,"fulltime","2016-09-07",4
15,"ac tellus. Suspendisse sed dolor. Fusce mi lorem, vehicula et,","Web Designer, Web Developer, Java Developer",432430,313825,"fulltime","2015-03-12",5
16,"sit amet luctus vulputate, nisi sem semper erat, in consectetuer","Web Designer, Web Developer, Java Developer",304649,960870,"fulltime","2016-01-15",1
17,"nulla. Donec non justo. Proin non massa non ante bibendum","Web Designer, Web Developer, Java Developer",203178,450891,"fulltime","2015-06-03",2
18,"non, dapibus rutrum, justo. Praesent luctus. Curabitur egestas nunc sed","Web Designer, Web Developer, Java Developer",363808,68608,"fulltime","2016-09-12",3
19,"quis urna. Nunc quis arcu vel quam dignissim pharetra. Nam","Web Designer, Web Developer, Java Developer",433522,251081,"fulltime","2016-07-23",4
20,"parturient montes, nascetur ridiculus mus. Aenean eget magna. Suspendisse tristique","Web Designer, Web Developer, Java Developer",317198,81329,"fulltime","2015-11-15",5
21,"odio tristique pharetra. Quisque ac libero nec ligula consectetuer rhoncus.","Web Designer, Web Developer, Java Developer",315584,172590,"fulltime","2016-02-10",1
22,"molestie pharetra nibh. Aliquam ornare, libero at auctor ullamcorper, nisl","Web Designer, Web Developer, Java Developer",12156,286260,"fulltime","2015-02-22",2
23,"Integer sem elit, pharetra ut, pharetra sed, hendrerit a, arcu.","Web Designer, Web Developer, Java Developer",278917,264201,"fulltime","2015-11-27",3
24,"Maecenas mi felis, adipiscing fringilla, porttitor vulputate, posuere vulputate, lacus.","Web Designer, Web Developer, Java Developer",316501,926252,"fulltime","2015-06-11",4
25,"rutrum, justo. Praesent luctus. Curabitur egestas nunc sed libero. Proin","Web Designer, Web Developer, Java Developer",31850,585732,"fulltime","2015-07-02",5
26,"tempus risus. Donec egestas. Duis ac arcu. Nunc mauris. Morbi","Web Designer, Web Developer, Java Developer",387611,993907,"fulltime","2016-06-30",1
27,"Nulla eu neque pellentesque massa lobortis ultrices. Vivamus rhoncus. Donec","Web Designer, Web Developer, Java Developer",27920,766387,"fulltime","2014-12-09",2
28,"eget tincidunt dui augue eu tellus. Phasellus elit pede, malesuada","Web Designer, Web Developer, Java Developer",495966,824256,"fulltime","2014-11-03",3
29,"neque venenatis lacus. Etiam bibendum fermentum metus. Aenean sed pede","Web Designer, Web Developer, Java Developer",403362,853645,"fulltime","2015-12-20",4
30,"pede nec ante blandit viverra. Donec tempus, lorem fringilla ornare","Web Designer, Web Developer, Java Developer",412717,936378,"fulltime","2015-03-13",5
31,"dolor. Donec fringilla. Donec feugiat metus sit amet ante. Vivamus","Web Designer, Web Developer, Java Developer",54845,563582,"fulltime","2016-08-07",1
32,"ac mattis semper, dui lectus rutrum urna, nec luctus felis","Web Designer, Web Developer, Java Developer",437181,492768,"fulltime","2015-10-19",2
33,"velit in aliquet lobortis, nisi nibh lacinia orci, consectetuer euismod","Web Designer, Web Developer, Java Developer",383100,235071,"fulltime","2016-07-03",3
34,"sit amet metus. Aliquam erat volutpat. Nulla facilisis. Suspendisse commodo","Web Designer, Web Developer, Java Developer",327101,592169,"fulltime","2016-08-03",4
35,"sed turpis nec mauris blandit mattis. Cras eget nisi dictum","Web Designer, Web Developer, Java Developer",288529,89637,"fulltime","2016-01-02",5
36,"velit dui, semper et, lacinia vitae, sodales at, velit. Pellentesque","Web Designer, Web Developer, Java Developer",104882,299881,"fulltime","2015-02-06",1
37,"molestie pharetra nibh. Aliquam ornare, libero at auctor ullamcorper, nisl","Web Designer, Web Developer, Java Developer",154806,956453,"fulltime","2014-12-14",2
38,"Nunc ullamcorper, velit in aliquet lobortis, nisi nibh lacinia orci,","Web Designer, Web Developer, Java Developer",221455,759399,"fulltime","2016-02-29",3
39,"dis parturient montes, nascetur ridiculus mus. Aenean eget magna. Suspendisse","Web Designer, Web Developer, Java Developer",450322,568633,"fulltime","2015-04-16",4
40,"Etiam imperdiet dictum magna. Ut tincidunt orci quis lectus. Nullam","Web Designer, Web Developer, Java Developer",397447,852368,"fulltime","2015-12-04",5
41,"Nunc pulvinar arcu et pede. Nunc sed orci lobortis augue","Web Designer, Web Developer, Java Developer",137775,388945,"fulltime","2014-12-30",1
42,"In ornare sagittis felis. Donec tempor, est ac mattis semper,","Web Designer, Web Developer, Java Developer",64745,270898,"fulltime","2015-04-05",2
43,"arcu. Sed eu nibh vulputate mauris sagittis placerat. Cras dictum","Web Designer, Web Developer, Java Developer",189309,98019,"fulltime","2015-11-27",3
44,"eget laoreet posuere, enim nisl elementum purus, accumsan interdum libero","Web Designer, Web Developer, Java Developer",76741,912547,"fulltime","2015-06-22",4
45,"In scelerisque scelerisque dui. Suspendisse ac metus vitae velit egestas","Web Designer, Web Developer, Java Developer",33841,631545,"fulltime","2015-12-20",5
46,"nisi. Mauris nulla. Integer urna. Vivamus molestie dapibus ligula. Aliquam","Web Designer, Web Developer, Java Developer",56508,833308,"fulltime","2014-11-01",1
47,"vehicula. Pellentesque tincidunt tempus risus. Donec egestas. Duis ac arcu.","Web Designer, Web Developer, Java Developer",63196,731904,"fulltime","2016-04-04",2
48,"aliquet magna a neque. Nullam ut nisi a odio semper","Web Designer, Web Developer, Java Developer",105997,738946,"fulltime","2016-05-06",3
49,"diam at pretium aliquet, metus urna convallis erat, eget tincidunt","Web Designer, Web Developer, Java Developer",262258,43576,"fulltime","2016-09-12",4
50,"vitae nibh. Donec est mauris, rhoncus id, mollis nec, cursus","Web Designer, Web Developer, Java Developer",68700,178423,"fulltime","2015-08-20",5
51,"rhoncus id, mollis nec, cursus a, enim. Suspendisse aliquet, sem","Web Designer, Web Developer, Java Developer",123751,598336,"fulltime","2016-08-03",1
52,"eget, ipsum. Donec sollicitudin adipiscing ligula. Aenean gravida nunc sed","Web Designer, Web Developer, Java Developer",112305,115644,"fulltime","2015-07-31",2
53,"fringilla est. Mauris eu turpis. Nulla aliquet. Proin velit. Sed","Web Designer, Web Developer, Java Developer",168424,974047,"fulltime","2015-06-04",3
54,"tempor augue ac ipsum. Phasellus vitae mauris sit amet lorem","Web Designer, Web Developer, Java Developer",271406,798952,"fulltime","2015-06-19",4
55,"ligula consectetuer rhoncus. Nullam velit dui, semper et, lacinia vitae,","Web Designer, Web Developer, Java Developer",447768,103283,"fulltime","2014-11-19",5
56,"et, lacinia vitae, sodales at, velit. Pellentesque ultricies dignissim lacus.","Web Designer, Web Developer, Java Developer",176658,603704,"fulltime","2015-10-09",1
57,"consequat dolor vitae dolor. Donec fringilla. Donec feugiat metus sit","Web Designer, Web Developer, Java Developer",391607,501965,"fulltime","2015-10-26",2
58,"risus. Nunc ac sem ut dolor dapibus gravida. Aliquam tincidunt,","Web Designer, Web Developer, Java Developer",281121,950825,"fulltime","2015-07-10",3
59,"ut ipsum ac mi eleifend egestas. Sed pharetra, felis eget","Web Designer, Web Developer, Java Developer",98433,970237,"fulltime","2015-04-06",4
60,"vitae semper egestas, urna justo faucibus lectus, a sollicitudin orci","Web Designer, Web Developer, Java Developer",15283,441668,"fulltime","2015-05-26",5
61,"eu dui. Cum sociis natoque penatibus et magnis dis parturient","Web Designer, Web Developer, Java Developer",93760,969004,"fulltime","2016-04-07",1
62,"lacus pede sagittis augue, eu tempor erat neque non quam.","Web Designer, Web Developer, Java Developer",126821,161358,"fulltime","2015-06-23",2
63,"rutrum, justo. Praesent luctus. Curabitur egestas nunc sed libero. Proin","Web Designer, Web Developer, Java Developer",398474,439230,"fulltime","2015-10-03",3
64,"lacinia at, iaculis quis, pede. Praesent eu dui. Cum sociis","Web Designer, Web Developer, Java Developer",125725,639131,"fulltime","2015-01-04",4
65,"ac, eleifend vitae, erat. Vivamus nisi. Mauris nulla. Integer urna.","Web Designer, Web Developer, Java Developer",427609,951404,"fulltime","2016-01-22",5
66,"Nulla dignissim. Maecenas ornare egestas ligula. Nullam feugiat placerat velit.","Web Designer, Web Developer, Java Developer",218397,108616,"fulltime","2016-01-22",1
67,"est tempor bibendum. Donec felis orci, adipiscing non, luctus sit","Web Designer, Web Developer, Java Developer",380430,750638,"fulltime","2016-08-26",2
68,"ac mattis ornare, lectus ante dictum mi, ac mattis velit","Web Designer, Web Developer, Java Developer",356148,306166,"fulltime","2015-11-10",3
69,"amet massa. Quisque porttitor eros nec tellus. Nunc lectus pede,","Web Designer, Web Developer, Java Developer",44529,547120,"fulltime","2015-05-22",4
70,"mi lorem, vehicula et, rutrum eu, ultrices sit amet, risus.","Web Designer, Web Developer, Java Developer",229117,286832,"fulltime","2016-06-27",5
71,"dignissim lacus. Aliquam rutrum lorem ac risus. Morbi metus. Vivamus","Web Designer, Web Developer, Java Developer",457180,624491,"fulltime","2016-06-01",1
72,"sociis natoque penatibus et magnis dis parturient montes, nascetur ridiculus","Web Designer, Web Developer, Java Developer",151718,950971,"fulltime","2016-08-31",2
73,"urna. Nunc quis arcu vel quam dignissim pharetra. Nam ac","Web Designer, Web Developer, Java Developer",341702,882106,"fulltime","2016-08-07",3
74,"velit. Quisque varius. Nam porttitor scelerisque neque. Nullam nisl. Maecenas","Web Designer, Web Developer, Java Developer",195342,446348,"fulltime","2016-09-05",4
75,"dignissim pharetra. Nam ac nulla. In tincidunt congue turpis. In","Web Designer, Web Developer, Java Developer",317217,543420,"fulltime","2016-09-28",5
76,"a, arcu. Sed et libero. Proin mi. Aliquam gravida mauris","Web Designer, Web Developer, Java Developer",319902,965925,"fulltime","2014-11-27",1
77,"ut dolor dapibus gravida. Aliquam tincidunt, nunc ac mattis ornare,","Web Designer, Web Developer, Java Developer",92378,926186,"fulltime","2016-08-23",2
78,"ac, eleifend vitae, erat. Vivamus nisi. Mauris nulla. Integer urna.","Web Designer, Web Developer, Java Developer",96073,915843,"fulltime","2014-11-29",3
79,"facilisis, magna tellus faucibus leo, in lobortis tellus justo sit","Web Designer, Web Developer, Java Developer",74802,463719,"fulltime","2016-02-29",4
80,"aliquet lobortis, nisi nibh lacinia orci, consectetuer euismod est arcu","Web Designer, Web Developer, Java Developer",291725,752496,"fulltime","2015-10-06",5
81,"erat, eget tincidunt dui augue eu tellus. Phasellus elit pede,","Web Designer, Web Developer, Java Developer",498163,500555,"fulltime","2015-04-22",1
82,"lacus. Cras interdum. Nunc sollicitudin commodo ipsum. Suspendisse non leo.","Web Designer, Web Developer, Java Developer",289116,785362,"fulltime","2014-12-07",2
83,"felis. Donec tempor, est ac mattis semper, dui lectus rutrum","Web Designer, Web Developer, Java Developer",87757,574885,"fulltime","2015-07-17",3
84,"sed sem egestas blandit. Nam nulla magna, malesuada vel, convallis","Web Designer, Web Developer, Java Developer",451105,958993,"fulltime","2016-07-21",4
85,"sapien, cursus in, hendrerit consectetuer, cursus et, magna. Praesent interdum","Web Designer, Web Developer, Java Developer",119886,538814,"fulltime","2016-03-29",5
86,"felis eget varius ultrices, mauris ipsum porta elit, a feugiat","Web Designer, Web Developer, Java Developer",21926,408720,"fulltime","2015-06-22",1
87,"in consectetuer ipsum nunc id enim. Curabitur massa. Vestibulum accumsan","Web Designer, Web Developer, Java Developer",300226,875952,"fulltime","2016-09-11",2
88,"amet orci. Ut sagittis lobortis mauris. Suspendisse aliquet molestie tellus.","Web Designer, Web Developer, Java Developer",35332,138839,"fulltime","2015-01-20",3
89,"in, cursus et, eros. Proin ultrices. Duis volutpat nunc sit","Web Designer, Web Developer, Java Developer",450683,77246,"fulltime","2015-06-14",4
90,"euismod et, commodo at, libero. Morbi accumsan laoreet ipsum. Curabitur","Web Designer, Web Developer, Java Developer",482393,669292,"fulltime","2016-01-19",5
91,"Suspendisse non leo. Vivamus nibh dolor, nonummy ac, feugiat non,","Web Designer, Web Developer, Java Developer",66947,385294,"fulltime","2014-11-09",1
92,"Curabitur dictum. Phasellus in felis. Nulla tempor augue ac ipsum.","Web Designer, Web Developer, Java Developer",240536,150528,"fulltime","2016-09-25",2
93,"ante. Nunc mauris sapien, cursus in, hendrerit consectetuer, cursus et,","Web Designer, Web Developer, Java Developer",191127,18189,"fulltime","2016-01-24",3
94,"parturient montes, nascetur ridiculus mus. Proin vel nisl. Quisque fringilla","Web Designer, Web Developer, Java Developer",112856,120790,"fulltime","2014-12-24",4
95,"gravida mauris ut mi. Duis risus odio, auctor vitae, aliquet","Web Designer, Web Developer, Java Developer",184203,219110,"fulltime","2015-08-12",5
96,"iaculis enim, sit amet ornare lectus justo eu arcu. Morbi","Web Designer, Web Developer, Java Developer",310920,750778,"fulltime","2015-04-14",1
97,"imperdiet dictum magna. Ut tincidunt orci quis lectus. Nullam suscipit,","Web Designer, Web Developer, Java Developer",225278,563962,"fulltime","2016-09-12",2
98,"Sed neque. Sed eget lacus. Mauris non dui nec urna","Web Designer, Web Developer, Java Developer",23802,519463,"fulltime","2016-07-10",3
99,"placerat. Cras dictum ultricies ligula. Nullam enim. Sed nulla ante,","Web Designer, Web Developer, Java Developer",347576,784272,"fulltime","2016-07-06",4
100,"diam. Pellentesque habitant morbi tristique senectus et netus et malesuada","Web Designer, Web Developer, Java Developer",79148,237468,"fulltime","2016-07-01",5
