"id","code","name","description","status"
1,"54615","Calvin","nunc interdum feugiat. Sed nec metus facilisis lorem tristique aliquet.",false
2,"75153","Price","magna sed dui. Fusce aliquam enim nec tempus scelerisque lorem","true"
3,"26104","Warren","et eros. Proin ultrices. Duis volutpat nunc sit amet metus.","true"
4,"49225","Allistair","tortor. Nunc commodo auctor velit. Aliquam nisl. Nulla eu neque","true"
5,"42832","Tate","Aenean massa. Integer vitae nibh. Donec est mauris rhoncus id.","true"
6,"25120","Jakeem","arcu. Sed eu nibh vulputate mauris sagittis placerat. Cras dictum","true"
7,"00982","Todd","convallis erat eget tincidunt dui augue eu tellus. Phasellus elit",true
8,"63069","Honorato","lacinia. Sed congue elit sed consequat auctor nunc nulla vulputate","true"
9,"63829","Harding","cubilia Curae Donec tincidunt. Donec vitae erat vel pede blandit","true"
10,"96255","Boris","vitae sodales nisi magna sed dui. Fusce aliquam, enim nec","true"
11,"56110","Zeus","purus. Maecenas libero est congue a aliquet vel vulputate eu","true"
12,"10759","William","Maecenas ornare egestas ligula. Nullam feugiat placerat velit. Quisque varius.","true"
13,"15808","Mohammad","consequat purus. Maecenas libero est congue a aliquet vel vulputate","true"
14,"36614","Blaze","tellus justo sit amet nulla. Donec non justo. Proin non","true"
