"id","institute_name","index_no","address","designation","subject","salary_code","joining_date","mpo_enlisting_date","resign_date","date_of_payment_received","start_date","end_date","vacation_from","vacation_to","total_exp_from","total_exp_to","current","attachment","attachment_content_type","inst_employee_id"
1,"A",32288,"939-3582 Enim Av.","Customer Relations","sem semper erat in consectetuer ipsum nunc id enim. Curabitur",50532,"2015-04-26","2016-07-08","2015-01-16","2015-05-03","2016-07-10","2016-06-23","2014-12-17","2016-07-11","2015-09-09","2016-07-13","true","","",1
2,"B",9626,"587-8171 Sed Street","Customer Relations","in aliquet lobortis, nisi nibh lacinia orci,",56490,"2014-12-19","2015-11-13","2015-03-18","2016-09-04","2015-01-20","2016-03-19","2016-06-08","2016-02-28","2016-01-22","2015-12-09","true","","",2
3,"C",69404,"P.O. Box 127, 439 Volutpat. Avenue","Human Resources","quam a felis",62403,"2015-12-31","2016-09-21","2015-10-23","2016-02-29","2016-02-21","2016-03-15","2015-08-15","2015-11-16","2016-06-21","2015-04-04","false","","",3
4,"D",50193,"6186 Ut Road","Advertising","per",71079,"2015-03-16","2016-06-16","2015-05-12","2015-10-13","2015-03-23","2014-12-13","2015-04-25","2015-03-16","2015-10-01","2016-03-01","true","","",4
5,"E",89556,"P.O. Box 421, 7335 A Rd.","Payroll","magna. Sed eu eros. Nam",37780,"2016-08-02","2016-01-02","2014-12-07","2015-12-14","2015-08-13","2015-05-23","2016-10-12","2015-05-15","2015-01-25","2016-05-01","false","","",10
6,"F",14507,"Ap #617-1325 Vel St.","Human Resources","non, egestas a, dui.",16914,"2015-08-09","2015-11-06","2015-02-20","2016-04-01","2015-11-20","2016-07-08","2015-03-18","2016-09-18","2016-09-28","2015-02-19","true","","",9
7,"G",68141,"867-528 Nibh Rd.","Tech Support","ante",47113,"2015-08-08","2015-10-21","2016-07-06","2016-06-03","2016-08-06","2016-08-24","2014-11-15","2015-06-17","2016-04-18","2016-01-25","false","","",7
8,"H",57276,"Ap #548-6007 Mauris Rd.","Payroll","vulputate",44575,"2015-11-26","2016-06-05","2016-05-08","2016-05-17","2015-03-21","2015-09-08","2016-10-21","2015-09-02","2016-07-29","2014-12-15","true","","",8
9,"I",33317,"9648 Mauris, Street","Legal Department","Donec nibh. Quisque nonummy ipsum non arcu. Vivamus",18762,"2016-06-21","2016-05-29","2015-05-02","2016-10-04","2016-06-04","2015-08-30","2016-03-20","2015-11-03","2015-04-08","2014-12-13","false","","",10
10,"J",16255,"P.O. Box 490, 7578 Et, Road","Tech Support","velit egestas lacinia. Sed congue, elit sed consequat auctor,",95738,"2014-11-11","2015-11-10","2016-06-05","2016-06-18","2015-10-13","2015-03-15","2015-10-08","2015-02-28","2016-01-23","2014-12-16","true","","",2
11,"K",33754,"P.O. Box 964, 5100 Tortor. Avenue","Finances","scelerisque neque sed sem egestas blandit. Nam nulla",71684,"2014-12-10","2016-05-31","2016-02-24","2016-05-07","2015-03-02","2015-01-18","2016-05-16","2016-09-25","2015-10-10","2015-03-17","true","","",8
12,"L",77195,"224-9011 Vehicula Rd.","Legal Department","tincidunt, nunc",19265,"2016-06-19","2015-08-23","2015-04-07","2015-08-10","2015-11-04","2016-08-14","2015-05-18","2016-05-17","2016-06-19","2016-06-23","false","","",7
13,"M",42160,"P.O. Box 766, 3550 Duis Street","Advertising","Cras dictum ultricies ligula.",58586,"2015-12-11","2015-08-30","2015-11-22","2015-01-03","2015-11-02","2015-06-25","2015-02-10","2014-11-18","2015-10-20","2016-05-11","false","","",8
14,"N",60263,"P.O. Box 390, 4180 Accumsan Av.","Advertising","Nullam",3686,"2015-11-21","2016-10-14","2016-10-31","2015-11-15","2015-01-11","2015-04-12","2015-05-15","2015-01-22","2014-12-03","2016-08-25","true","","",1
15,"O",9215,"322-7435 Et Rd.","Media Relations","Ut tincidunt orci quis lectus. Nullam",44830,"2016-01-23","2015-04-30","2016-04-29","2015-01-14","2015-07-18","2016-04-17","2016-02-21","2016-03-26","2015-11-26","2016-03-17","false","","",6
16,"P",97224,"779-9790 Arcu. Avenue","Tech Support","eu, placerat eget, venenatis a, magna. Lorem",22866,"2015-11-23","2016-05-18","2016-10-22","2016-08-12","2016-01-18","2015-03-26","2015-02-10","2015-10-27","2016-06-12","2015-07-07","true","","",1
17,"Q",7698,"476-8134 Odio St.","Finances","Fusce aliquam, enim",53538,"2016-07-17","2015-11-30","2016-06-30","2015-09-18","2016-08-13","2016-05-25","2015-12-25","2015-12-21","2015-02-17","2016-10-29","true","","",7
18,"R",24801,"Ap #407-432 Parturient St.","Public Relations","vitae sodales nisi magna sed dui. Fusce aliquam, enim nec",5215,"2016-08-25","2016-02-08","2015-05-14","2015-10-24","2016-02-17","2015-02-20","2016-10-18","2015-01-18","2016-10-04","2016-06-24","false","","",1
19,"S",31606,"5267 Vel St.","Human Resources","non enim commodo hendrerit.",77113,"2016-08-08","2015-03-09","2016-09-17","2016-01-16","2015-01-08","2015-01-20","2015-02-23","2016-03-28","2015-05-17","2015-03-17","false","","",6
20,"T",97417,"P.O. Box 162, 2816 Eros Av.","Quality Assurance","scelerisque dui. Suspendisse ac metus vitae velit egestas lacinia.",19330,"2016-05-25","2015-09-07","2015-07-03","2016-05-21","2016-03-06","2016-06-03","2014-11-20","2016-01-01","2016-01-16","2016-03-28","true","","",3
21,"U",29960,"Ap #843-3915 Augue Av.","Media Relations","et malesuada fames ac",80347,"2015-06-17","2016-01-24","2014-11-10","2016-05-25","2016-02-11","2016-05-07","2014-12-23","2016-11-01","2016-02-08","2016-08-19","false","","",10
22,"V",91720,"Ap #796-2358 Feugiat. St.","Accounting","luctus, ipsum leo elementum",70249,"2015-12-03","2015-09-04","2015-07-15","2015-02-09","2016-10-18","2015-03-21","2016-03-07","2015-01-30","2016-07-05","2015-02-04","true","","",6
