"name","email","organisation","designation","phone","employee_id","relation","manager_id"
"Lev","tristique.aliquet.Phasellus@velitAliquam.com","Quis Turpis Vitae LLC","Freya","1-582-393-4819",6,"Trevor",5
"Hector","quis@consectetuerrhoncus.edu","A Tortor Nunc Corporation","Shea","1-934-372-7641",3,"Len",5
"Bradley","ante@suscipitest.org","Auctor Velit Aliquam Incorporated","Leonard","1-118-655-9877",2,"Iola",5
"Jonah","dui.Fusce.aliquam@fringillamilacinia.ca","Nullam Velit Associates","Claire","1-376-141-3272",3,"Courtney",5
"Macon","ipsum.leo.elementum@vulputate.org","Metus Urna Institute","Colin","1-296-566-4680",1,"Renee",5
"Conan","Aliquam.vulputate.ullamcorper@eratVivamusnisi.co.uk","Neque In Ornare LLC","Dawn","1-496-965-4643",2,"Solomon",5
"Fitzgerald","nunc@ut.com","Orci Luctus Et Incorporated","Cameron","1-360-615-8033",2,"Jaden",5
"Chadwick","urna@ligula.ca","Convallis Erat Eget Ltd","Upton","1-456-638-1670",1,"Reece",5
"Vance","sapien@bibendumsedest.org","Suspendisse Sagittis Industries","Stewart","1-566-615-1445",5,"Tanisha",5
"Armando","at@ut.ca","Pede Praesent Eu Ltd","Troy","1-581-862-3237",4,"Hanae",5
"Ivor","penatibus.et.magnis@atnisiCum.net","Luctus LLC","Hiram","1-717-464-4604",1,"Benedict",5
"Calvin","orci@loremvitae.co.uk","Suscipit Corp.","Ralph","1-452-567-9955",1,"Jaime",5
"Zeph","et.libero@ProinvelitSed.ca","Donec Luctus LLP","Aiko","1-508-675-7321",6,"Dieter",5
"Allen","eget.volutpat.ornare@parturientmontes.ca","Quis Pede Company","Camille","1-128-157-3543",2,"Sage",5
"Raymond","pellentesque.tellus.sem@semelitpharetra.net","Et Euismod Et Inc.","Fletcher","1-341-274-8085",1,"Danielle",5
"Jason","consequat.nec@ornarelectus.co.uk","Mauris Foundation","Candice","1-865-825-9116",2,"Uriel",5
"Deacon","Nunc.mauris@enimconsequatpurus.net","Fringilla Ornare LLC","Kyra","1-404-728-4638",5,"Minerva",5
"Martin","Nullam.enim@tempusnonlacinia.ca","Vivamus Industries","Mufutau","1-537-536-4167",4,"Tamekah",6
"Nathaniel","felis@elitsed.org","Enim Sit Company","Cheyenne","1-445-703-8595",5,"Mariko",7
"Bruno","vitae.mauris.sit@risusDonecnibh.co.uk","Metus LLP","Amaya","1-188-453-3947",4,"Garrett",8
"Xanthus","Sed.nulla@eget.com","A Purus Duis Industries","Clare","1-161-108-6338",4,"Tanek",9
"Jakeem","Suspendisse@anunc.com","Dis LLC","Timon","1-569-810-6375",1,"Azalia",10
"Dominic","Integer.urna.Vivamus@utnisia.edu","Quis Pede Praesent Consulting","Paul","1-966-247-3886",2,"Kalia",11
"Eagan","sollicitudin.a@Aenean.edu","Sit Amet Inc.","Rinah","1-526-251-5090",1,"Jillian",12
"Timothy","nibh@sed.ca","Enim Sit Amet Industries","Miranda","1-377-573-7863",4,"Alan",13
"Oliver","eu.eleifend@diamProin.ca","Orci Lobortis Augue Institute","Brynn","1-245-335-3561",2,"Blake",14
"Dieter","elit.pede@lacus.com","Sociis PC","Ivana","1-711-501-1275",6,"Clarke",15
"Kareem","leo@gravidasagittisDuis.co.uk","Id Libero Donec Company","Fiona","1-918-940-5056",3,"Brielle",16
"Mohammad","nec.imperdiet@montesnasceturridiculus.ca","Cursus Vestibulum Ltd","Winter","1-364-535-3348",3,"Kelsie",17
"Cade","et.malesuada@utdolordapibus.co.uk","Dictum Eu Inc.","Sloane","1-742-172-7136",5,"Marcia",18
"Eaton","vitae@pellentesqueegetdictum.co.uk","Congue Inc.","Amena","1-729-673-7681",4,"Olga",19
"Kyle","libero.mauris.aliquam@massa.org","Id Sapien Cras Corp.","Ryder","1-219-853-2328",1,"Joelle",20
"Harding","Nunc.quis@laciniavitae.ca","Per Inceptos Hymenaeos Inc.","Nicole","1-799-828-5758",2,"Celeste",21
"Akeem","egestas@luctuslobortis.org","Eu Sem Pellentesque Foundation","Scarlett","1-759-892-3739",3,"Cooper",22
"Bruno","pulvinar.arcu.et@metusVivamuseuismod.net","At Augue Id LLC","Dorian","1-855-635-2411",1,"Nelle",23
"Uriah","arcu@semper.net","Nullam Nisl Maecenas Foundation","Jameson","1-314-945-1307",5,"Susan",24
"Yardley","tempus.risus.Donec@aliquetProin.com","Interdum Ltd","Illiana","1-972-299-6963",6,"Yuri",25
"Ryder","tempor.est.ac@vulputatemauris.org","Metus Incorporated","Drake","1-891-674-0855",6,"Dale",26
"Lucas","penatibus@gravidamolestiearcu.net","Porta Elit Consulting","Reuben","1-152-628-3520",5,"Bethany",27
"Salvador","Phasellus.in@nislMaecenasmalesuada.org","Euismod Foundation","Wing","1-155-355-4947",3,"Eric",28
"Lucas","a.aliquet.vel@luctus.ca","Elementum Incorporated","Nina","1-520-576-9044",1,"India",29
"Marvin","sed@vestibulumloremsit.org","Pede Suspendisse Industries","Deacon","1-907-128-4261",4,"Serina",30
"Benjamin","Maecenas.libero@massanon.net","Molestie Sodales Mauris Corporation","Jack","1-581-852-3276",6,"Zenia",31
"Elton","nisi.Aenean.eget@egettinciduntdui.net","Eu Corp.","Jaden","1-292-687-0227",1,"Evan",32
"Jeremy","venenatis.vel.faucibus@tincidunt.net","Natoque Penatibus Et Associates","Armand","1-690-746-9242",3,"Philip",33
"Jared","tellus@nibhenimgravida.net","Lorem Incorporated","Riley","1-874-440-3228",2,"Carlos",34
"Carter","ornare.lectus@etrutrum.net","Sed Industries","Wyoming","1-817-964-6978",6,"Malachi",35
"Christian","dictum@fermentumarcu.edu","Egestas Hendrerit Neque PC","Patricia","1-101-397-8784",6,"Judith",36
"Gil","egestas.Sed.pharetra@laoreetipsum.ca","Tellus Corporation","Evan","1-111-197-3404",3,"Zeph",37
"Boris","eget.magna.Suspendisse@sociis.edu","Magna Suspendisse Industries","Octavius","1-426-409-8601",2,"Anastasia",38
"Clarke","et.rutrum@Inatpede.co.uk","Magna Praesent Interdum Foundation","Belle","1-808-293-8399",6,"Quinlan",39
"Kasper","viverra@magna.edu","At Libero Foundation","Alec","1-707-117-6670",6,"Lyle",40
"Wylie","amet.diam.eu@et.org","Gravida Molestie Consulting","Ishmael","1-924-493-4204",1,"Emily",41
"Rafael","adipiscing.non@Nuncmauris.co.uk","Eu Corp.","Tamara","1-424-269-4142",6,"Kellie",42
"Melvin","elit@ridiculusmusProin.net","Sit Amet Institute","Deborah","1-463-455-3448",4,"Cadman",43
"Rajah","ridiculus.mus.Donec@ullamcorpermagna.net","Ante Bibendum Ullamcorper Institute","Allistair","1-558-928-0313",6,"Lara",44
"Allistair","sit@egestaslaciniaSed.ca","Rutrum Urna Consulting","Raymond","1-432-944-2227",5,"Cairo",45
"Kibo","auctor@venenatis.net","Volutpat Nulla Dignissim Corporation","Ulysses","1-935-989-4998",4,"Aurora",46
"Vladimir","sem.magna.nec@Classaptent.com","Posuere PC","Dexter","1-921-866-4301",2,"Simone",47
"Colin","elit.Etiam.laoreet@sem.org","Odio Consulting","Eagan","1-149-272-0924",6,"Zorita",48
"Daniel","mi.Duis.risus@in.edu","Imperdiet Non Corporation","Erica","1-606-882-9842",1,"Ulla",49
"Curran","semper.pretium@fringillaestMauris.org","Massa Integer LLC","Alexandra","1-954-471-7834",4,"Barry",50
"Nigel","amet.dapibus.id@Duisrisus.ca","Amet Company","Mary","1-899-685-1886",2,"Graiden",51
"Zachary","sit.amet.metus@eutellus.co.uk","Nisi Industries","Rogan","1-118-574-0823",3,"Vanna",52
"Ulysses","Etiam.vestibulum@quisturpis.net","Magna Tellus Faucibus Foundation","Wynne","1-330-359-6900",2,"Raphael",53
"Peter","ipsum.dolor@risusodio.org","Ac Ltd","Moana","1-584-334-4294",4,"Serina",54
"Evan","arcu.Curabitur@tortornibh.ca","Morbi Tristique Consulting","April","1-176-686-8512",3,"Russell",55
"Dennis","vestibulum.nec.euismod@a.ca","Pellentesque Sed Dictum Industries","Fallon","1-821-705-5301",5,"Neve",56
"Kennan","erat@infelisNulla.ca","Fusce Diam Institute","Jamalia","1-656-125-4011",4,"Aurelia",57
"Herrod","ut@sed.ca","Metus Corp.","Magee","1-293-996-7605",1,"May",58
"Clayton","pharetra@lacusvariuset.com","Ad Litora Torquent Company","Brenden","1-499-859-2836",5,"Brent",59
"Micah","enim.diam@scelerisque.com","Rutrum Non Incorporated","Octavia","1-255-444-1614",4,"Melodie",60
"Hayes","bibendum.ullamcorper.Duis@orci.com","Enim Foundation","Jaquelyn","1-332-258-6958",3,"Fay",61
"Chaim","dolor@enim.ca","Luctus Incorporated","Oprah","1-338-747-0206",2,"Evangeline",62
"Rashad","sodales.purus@risusDonecegestas.org","Fermentum Convallis Ligula Ltd","Jayme","1-195-483-2536",2,"Jescie",63
"Steel","Integer@in.com","Donec Porttitor Foundation","Lee","1-865-545-1109",5,"Adam",64
"Tanner","Quisque.nonummy.ipsum@semutdolor.edu","Nullam Nisl Corp.","Chaim","1-371-271-4792",6,"Lane",65
"Tanner","elit.pharetra.ut@acsemut.ca","Phasellus Libero Mauris Industries","Kibo","1-507-856-6372",4,"Zeus",66
"Galvin","accumsan.laoreet@rhoncusNullam.co.uk","Tristique Ac LLC","Erica","1-388-957-9178",5,"Jordan",67
"Stephen","eu.sem@loremvehicula.edu","Ligula Aenean Industries","Brian","1-844-414-9935",1,"Curran",68
"Christian","nisi.a@lectusasollicitudin.ca","Mollis Company","Tamara","1-917-151-4005",5,"Ainsley",69
"Kenyon","eros.nec.tellus@Maecenaslibero.co.uk","Mi LLP","Cairo","1-306-711-1014",5,"Kuame",70
"Kenneth","aliquam.eu.accumsan@duiin.co.uk","Faucibus Lectus PC","Gavin","1-361-341-4034",2,"Pascale",71
"Lyle","et@non.net","Erat Sed Nunc Associates","Eaton","1-623-751-6219",6,"Aladdin",72
"Troy","placerat@volutpatornare.com","Erat Semper Consulting","Raven","1-306-416-1881",3,"Claudia",73
"Macaulay","eu.tellus.Phasellus@rutrummagnaCras.com","Dictum Magna Corp.","Ciaran","1-235-541-3620",2,"Fletcher",74
"Griffin","ac.eleifend@liberoatauctor.edu","Mollis Non LLP","Carl","1-377-895-6751",6,"Eliana",75
"Joshua","vitae.sodales@euismodacfermentum.co.uk","Quisque Ltd","Priscilla","1-922-299-2269",4,"Fatima",76
"Mufutau","consequat@euaccumsansed.ca","Gravida Sagittis Corp.","Rashad","1-493-524-9907",4,"Xantha",77
"Kirk","euismod@utsem.net","Massa Suspendisse Corporation","Vance","1-562-331-6655",6,"Ulla",78
"Eaton","erat.neque.non@veliteu.net","Nibh Sit Company","Rafael","1-761-634-2659",3,"Mira",79
"Shad","vitae@vel.net","Magna Corporation","Giselle","1-634-769-8330",6,"Rae",80
"Brock","tempor@nulla.net","Adipiscing Lacus Consulting","Abbot","1-591-316-1993",5,"Vaughan",81
"Quinn","sed.turpis.nec@ac.edu","Eu Augue LLP","Ulric","1-723-491-2684",2,"Angela",82
"Erich","Vivamus.nibh@Nullam.net","Eu Nulla At LLP","Lev","1-539-526-6988",5,"Bevis",83
"Ishmael","dolor@accumsan.edu","Mattis Semper Dui Associates","Thomas","1-734-520-4199",2,"Jenette",84
"Merrill","Vivamus.euismod.urna@PhasellusornareFusce.com","Ante Dictum Foundation","Lael","1-225-493-3159",2,"Emma",85
"Carson","risus.Quisque@felis.com","Lobortis Ultrices Vivamus LLP","Daphne","1-431-988-9255",2,"Ruth",86
"Ross","eget@malesuadavelvenenatis.org","Dui Semper Et Inc.","Alfonso","1-446-397-1501",1,"Hilel",87
"Maxwell","varius@Utnecurna.ca","Eu Tellus Limited","Fredericka","1-628-425-8060",6,"Daniel",88
