id,login,PASSWORD,first_name,last_name,email,activated,lang_key,created_by
1,system,$2a$10$mE.qmcV0mFU5NcKh73TZx.z4ueI/.bDWbj0T1BYyqP481kGGarKLG,System,System,system@localhost,true,en,system
2,anonymousUser,$2a$10$j8S5d7Sr7.8VTOYNviDPOeWX8KcYILUVJBsYV83Y5NtECayypx9lO,Anonymous,User,anonymous@localhost,true,en,system
3,admin,$2a$10$gSAhZrxMllrbgj/kkK9UceBPpChGWJA7SYIb1Mqo.n5aNLq1/oRrC,Administrator,Administrator,admin@localhost,true,en,system
4,user,$2a$10$VEjxo0jq2YG9Rbk2HmX9S.k1uZBGYUHdUcid3g/vfiEl7lwWgOH/K,User,User,user@localhost,true,en,system
5,manager,$2a$10$VEjxo0jq2YG9Rbk2HmX9S.k1uZBGYUHdUcid3g/vfiEl7lwWgOH/K,Manager,Manager,manager@localhost,true,en,system
6,employer,$2a$10$VEjxo0jq2YG9Rbk2HmX9S.k1uZBGYUHdUcid3g/vfiEl7lwWgOH/K,Employer,Employer,employer@localhost,true,en,system
7,Final,$2a$10$VEjxo0jq2YG9Rbk2HmX9S.k1uZBGYUHdUcid3g/vfiEl7lwWgOH/K,Porter,Hedley,Nam.ac@orciUt.com,true,en,system
8,Aspen,$2a$10$VEjxo0jq2YG9Rbk2HmX9S.k1uZBGYUHdUcid3g/vfiEl7lwWgOH/K,Echo,Akeem,ullamcorper.eu.euismod@pedenec.org,true,en,system
9,Jael,$2a$10$VEjxo0jq2YG9Rbk2HmX9S.k1uZBGYUHdUcid3g/vfiEl7lwWgOH/K,Jael,Dillon,ac.mi@nisisem.org,true,en,system
10,teacher-001,$2a$10$VEjxo0jq2YG9Rbk2HmX9S.k1uZBGYUHdUcid3g/vfiEl7lwWgOH/K,Walker,Nash,pharetra.ut@elitfermentumrisus.com,true,en,system
11,McKenzie,$2a$10$VEjxo0jq2YG9Rbk2HmX9S.k1uZBGYUHdUcid3g/vfiEl7lwWgOH/K,Eugenia,Upton,interdum.Nunc@CurabiturmassaVestibulum.com,true,en,system
12,inst1,$2a$10$VEjxo0jq2YG9Rbk2HmX9S.k1uZBGYUHdUcid3g/vfiEl7lwWgOH/K,Marny,Zeph,purus@consectetueradipiscingelit.ca,true,en,system
13,Idona,$2a$10$VEjxo0jq2YG9Rbk2HmX9S.k1uZBGYUHdUcid3g/vfiEl7lwWgOH/K,Ivana,Axel,id@fermentumarcu.org,true,en,system
14,Sean,$2a$10$VEjxo0jq2YG9Rbk2HmX9S.k1uZBGYUHdUcid3g/vfiEl7lwWgOH/K,Sharon,Todd,diam@nullaIn.ca,true,en,system
15,Asher,$2a$10$VEjxo0jq2YG9Rbk2HmX9S.k1uZBGYUHdUcid3g/vfiEl7lwWgOH/K,Kamal,Emmanuel,sit.amet.consectetuer@Mauriseu.co.uk,true,en,system
16,Ronan,$2a$10$VEjxo0jq2YG9Rbk2HmX9S.k1uZBGYUHdUcid3g/vfiEl7lwWgOH/K,Jocelyn,Marshall,adipiscing.elit.Curabitur@hymenaeosMauris.edu,true,en,system
17,Cathleen,$2a$10$VEjxo0jq2YG9Rbk2HmX9S.k1uZBGYUHdUcid3g/vfiEl7lwWgOH/K,Lunea,Ronan,ac.feugiat@amagna.ca,true,en,system
18,Victoria,$2a$10$VEjxo0jq2YG9Rbk2HmX9S.k1uZBGYUHdUcid3g/vfiEl7lwWgOH/K,Dolan,Philip,nec.tellus@gravida.com,true,en,system
19,Herrod,$2a$10$VEjxo0jq2YG9Rbk2HmX9S.k1uZBGYUHdUcid3g/vfiEl7lwWgOH/K,Buckminster,Amal,Aliquam.ornare.libero@lacuspede.org,true,en,system
20,Lani,$2a$10$VEjxo0jq2YG9Rbk2HmX9S.k1uZBGYUHdUcid3g/vfiEl7lwWgOH/K,Autumn,Myles,fermentum@magnaet.net,true,en,system
21,Clementine,$2a$10$VEjxo0jq2YG9Rbk2HmX9S.k1uZBGYUHdUcid3g/vfiEl7lwWgOH/K,Fiona,Nigel,Sed.id@dignissim.org,true,en,system
22,Diana,$2a$10$VEjxo0jq2YG9Rbk2HmX9S.k1uZBGYUHdUcid3g/vfiEl7lwWgOH/K,Raven,Cadman,justo.eu@natoquepenatibuset.net,true,en,system
23,Angelica,$2a$10$VEjxo0jq2YG9Rbk2HmX9S.k1uZBGYUHdUcid3g/vfiEl7lwWgOH/K,Teagan,Ray,ipsum@Nuncacsem.co.uk,true,en,system
24,Genevieve,$2a$10$VEjxo0jq2YG9Rbk2HmX9S.k1uZBGYUHdUcid3g/vfiEl7lwWgOH/K,Priscilla,Dillon,tincidunt@Donec.net,true,en,system
25,Alice,$2a$10$VEjxo0jq2YG9Rbk2HmX9S.k1uZBGYUHdUcid3g/vfiEl7lwWgOH/K,Mark,Griffith,Fusce.mollis.Duis@sapienCrasdolor.co.uk,true,en,system
26,Nissim,$2a$10$VEjxo0jq2YG9Rbk2HmX9S.k1uZBGYUHdUcid3g/vfiEl7lwWgOH/K,Macaulay,Abraham,metus@ut.org,true,en,system
27,Arthur,$2a$10$VEjxo0jq2YG9Rbk2HmX9S.k1uZBGYUHdUcid3g/vfiEl7lwWgOH/K,Emery,Adam,adipiscing.lacus@condimentumeget.com,true,en,system
28,Heidi,$2a$10$VEjxo0jq2YG9Rbk2HmX9S.k1uZBGYUHdUcid3g/vfiEl7lwWgOH/K,Dakota,Elton,Quisque.ornare.tortor@libero.com,true,en,system
29,Reagan,$2a$10$VEjxo0jq2YG9Rbk2HmX9S.k1uZBGYUHdUcid3g/vfiEl7lwWgOH/K,Micah,Duncan,molestie.sodales@Lorem.com,true,en,system
30,teacher-002,$2a$10$VEjxo0jq2YG9Rbk2HmX9S.k1uZBGYUHdUcid3g/vfiEl7lwWgOH/K,Keelie,Gavin,congue.a@magnis.net,true,en,system
31,teacher-003,$2a$10$VEjxo0jq2YG9Rbk2HmX9S.k1uZBGYUHdUcid3g/vfiEl7lwWgOH/K,Warren,Benjamin,tellus.faucibus@loremacrisus.ca,true,en,system
32,teacher-004,$2a$10$VEjxo0jq2YG9Rbk2HmX9S.k1uZBGYUHdUcid3g/vfiEl7lwWgOH/K,Zane,Nathaniel,elit.Nulla@iaculisaliquet.co.uk,true,en,system
33,teacher-005,$2a$10$VEjxo0jq2YG9Rbk2HmX9S.k1uZBGYUHdUcid3g/vfiEl7lwWgOH/K,Maia,Garrett,ligula@maurisutmi.ca,true,en,system
34,teacher-006,$2a$10$VEjxo0jq2YG9Rbk2HmX9S.k1uZBGYUHdUcid3g/vfiEl7lwWgOH/K,Jael,Octavius,vel@placerataugue.org,true,en,system
35,teacher-007,$2a$10$VEjxo0jq2YG9Rbk2HmX9S.k1uZBGYUHdUcid3g/vfiEl7lwWgOH/K,Eaton,Byron,in.aliquet.lobortis@egetmetuseu.edu,true,en,system
36,teacher-008,$2a$10$VEjxo0jq2YG9Rbk2HmX9S.k1uZBGYUHdUcid3g/vfiEl7lwWgOH/K,Philip,Graiden,vel.mauris@augue.ca,true,en,system
37,teacher-009,$2a$10$VEjxo0jq2YG9Rbk2HmX9S.k1uZBGYUHdUcid3g/vfiEl7lwWgOH/K,Cherokee,Barry,vulputate@ornare.com,true,en,system
38,teacher-010,$2a$10$VEjxo0jq2YG9Rbk2HmX9S.k1uZBGYUHdUcid3g/vfiEl7lwWgOH/K,Cynthia,Phelan,Nulla.facilisis@metus.org,true,en,system
39,Velma,$2a$10$VEjxo0jq2YG9Rbk2HmX9S.k1uZBGYUHdUcid3g/vfiEl7lwWgOH/K,Rhona,Ferdinand,placerat.Cras@et.ca,true,en,system
40,Christine,$2a$10$VEjxo0jq2YG9Rbk2HmX9S.k1uZBGYUHdUcid3g/vfiEl7lwWgOH/K,James,Hall,eu@utsemNulla.org,true,en,system
41,Yael,$2a$10$VEjxo0jq2YG9Rbk2HmX9S.k1uZBGYUHdUcid3g/vfiEl7lwWgOH/K,Armando,Logan,lectus@interdum.org,true,en,system
42,Acton,$2a$10$VEjxo0jq2YG9Rbk2HmX9S.k1uZBGYUHdUcid3g/vfiEl7lwWgOH/K,Julie,Raja,Quisque.fringilla.euismod@enim.ca,true,en,system
43,Finn,$2a$10$VEjxo0jq2YG9Rbk2HmX9S.k1uZBGYUHdUcid3g/vfiEl7lwWgOH/K,Uriel,Aladdin,eros.turpis@diam.ca,true,en,system
44,Thor,$2a$10$VEjxo0jq2YG9Rbk2HmX9S.k1uZBGYUHdUcid3g/vfiEl7lwWgOH/K,Candace,Alec,et.magnis@posuere.ca,true,en,system
45,inst3,$2a$10$VEjxo0jq2YG9Rbk2HmX9S.k1uZBGYUHdUcid3g/vfiEl7lwWgOH/K,Dillon,Xander,molestie.sodales.Mauris@tellus.org,true,en,system
46,inst4,$2a$10$VEjxo0jq2YG9Rbk2HmX9S.k1uZBGYUHdUcid3g/vfiEl7lwWgOH/K,Dana,Wayne,ipsum.Suspendisse@nonummy.com,true,en,system
47,inst5,$2a$10$VEjxo0jq2YG9Rbk2HmX9S.k1uZBGYUHdUcid3g/vfiEl7lwWgOH/K,Allistair,Ryan,nisl.elementum@sit.com,true,en,system
48,inst6,$2a$10$VEjxo0jq2YG9Rbk2HmX9S.k1uZBGYUHdUcid3g/vfiEl7lwWgOH/K,Lunea,Mohammad,magna.Nam@Vestibulumaccumsan.com,true,en,system
49,inst7,$2a$10$VEjxo0jq2YG9Rbk2HmX9S.k1uZBGYUHdUcid3g/vfiEl7lwWgOH/K,Dieter,Josiah,aliquet@adipiscingelit.edu,true,en,system
50,inst8,$2a$10$VEjxo0jq2YG9Rbk2HmX9S.k1uZBGYUHdUcid3g/vfiEl7lwWgOH/K,Mohammad,Lyle,lacus@lobortis.ca,true,en,system
51,inst9,$2a$10$VEjxo0jq2YG9Rbk2HmX9S.k1uZBGYUHdUcid3g/vfiEl7lwWgOH/K,Lillith,Harding,Maecenas.mi.felis@turpisNullaaliquet.com,true,en,system
52,inst10,$2a$10$VEjxo0jq2YG9Rbk2HmX9S.k1uZBGYUHdUcid3g/vfiEl7lwWgOH/K,Charissa,John,montes@rutrumloremac.net,true,en,system
53,Wesley,$2a$10$VEjxo0jq2YG9Rbk2HmX9S.k1uZBGYUHdUcid3g/vfiEl7lwWgOH/K,Shana,Raphael,arcu.Curabitur.ut@senectuset.edu,true,en,system
54,Adrienne,$2a$10$VEjxo0jq2YG9Rbk2HmX9S.k1uZBGYUHdUcid3g/vfiEl7lwWgOH/K,Elton,Duncan,magna.Lorem.ipsum@vestibulum.co.uk,true,en,system
55,Willa,$2a$10$VEjxo0jq2YG9Rbk2HmX9S.k1uZBGYUHdUcid3g/vfiEl7lwWgOH/K,Ferris,Wesley,eu@a.net,true,en,system
56,Jeremy,$2a$10$VEjxo0jq2YG9Rbk2HmX9S.k1uZBGYUHdUcid3g/vfiEl7lwWgOH/K,Eliana,Dylan,leo.Cras.vehicula@tellusfaucibusleo.ca,true,en,system
57,Courtney1,$2a$10$VEjxo0jq2YG9Rbk2HmX9S.k1uZBGYUHdUcid3g/vfiEl7lwWgOH/K,Akeem,Felix,dignissim@fermentum.co.uk,true,en,system
58,Marshall,$2a$10$VEjxo0jq2YG9Rbk2HmX9S.k1uZBGYUHdUcid3g/vfiEl7lwWgOH/K,Mariam,Mohammad,eu.accumsan.sed@leoelementum.org,true,en,system
59,Bryar,$2a$10$VEjxo0jq2YG9Rbk2HmX9S.k1uZBGYUHdUcid3g/vfiEl7lwWgOH/K,Zephr,Brandon,lobortis@cursus.com,true,en,system
60,deo,$2a$10$VEjxo0jq2YG9Rbk2HmX9S.k1uZBGYUHdUcid3g/vfiEl7lwWgOH/K,Dora,Carter,Nunc.sollicitudin.commodo@aliquetPhasellusfermentum.org,true,en,system
61,frontdesk,$2a$10$VEjxo0jq2YG9Rbk2HmX9S.k1uZBGYUHdUcid3g/vfiEl7lwWgOH/K,Bruno,Griffin,ultricies.adipiscing.enim@sitametlorem.ca,true,en,system
62,ad,$2a$10$VEjxo0jq2YG9Rbk2HmX9S.k1uZBGYUHdUcid3g/vfiEl7lwWgOH/K,Kuame,Michael,lacus.pede@Proin.net,true,en,system
63,director,$2a$10$VEjxo0jq2YG9Rbk2HmX9S.k1uZBGYUHdUcid3g/vfiEl7lwWgOH/K,Cassady,Zephania,ac.turpis.egestas@blandit.org,true,en,system
64,dg,$2a$10$VEjxo0jq2YG9Rbk2HmX9S.k1uZBGYUHdUcid3g/vfiEl7lwWgOH/K,Ainsley,Lester,aliquet@urnaVivamus.co.uk,true,en,system
65,mpoadmin,$2a$10$VEjxo0jq2YG9Rbk2HmX9S.k1uZBGYUHdUcid3g/vfiEl7lwWgOH/K,Kaseem,Wallace,magnis.dis.parturient@rutrumFuscedolor.edu,true,en,system
66,Russell,$2a$10$VEjxo0jq2YG9Rbk2HmX9S.k1uZBGYUHdUcid3g/vfiEl7lwWgOH/K,Galvin,Thane,eu@estacmattis.ca,true,en,system
67,Caldwell,$2a$10$VEjxo0jq2YG9Rbk2HmX9S.k1uZBGYUHdUcid3g/vfiEl7lwWgOH/K,Chaim,Grady,Praesent@turpisegestas.ca,true,en,system
68,Chloe,$2a$10$VEjxo0jq2YG9Rbk2HmX9S.k1uZBGYUHdUcid3g/vfiEl7lwWgOH/K,Cheryl,Clinton,habitant@dictum.org,true,en,system
69,Adena,$2a$10$VEjxo0jq2YG9Rbk2HmX9S.k1uZBGYUHdUcid3g/vfiEl7lwWgOH/K,Latifah,Luke,sagittis@primis.edu,true,en,system
70,Dora,$2a$10$VEjxo0jq2YG9Rbk2HmX9S.k1uZBGYUHdUcid3g/vfiEl7lwWgOH/K,Alexa,Nasim,eget@Pellentesquehabitantmorbi.com,true,en,system
71,Xena,$2a$10$VEjxo0jq2YG9Rbk2HmX9S.k1uZBGYUHdUcid3g/vfiEl7lwWgOH/K,Alma,Micah,eget.venenatis@semPellentesqueut.org,true,en,system
72,Damon,$2a$10$VEjxo0jq2YG9Rbk2HmX9S.k1uZBGYUHdUcid3g/vfiEl7lwWgOH/K,Melinda,Colt,in@Integereulacus.ca,true,en,system
73,Courtney,$2a$10$VEjxo0jq2YG9Rbk2HmX9S.k1uZBGYUHdUcid3g/vfiEl7lwWgOH/K,Germane,Raymond,eros@ipsumprimis.ca,true,en,system
74,Jolie,$2a$10$VEjxo0jq2YG9Rbk2HmX9S.k1uZBGYUHdUcid3g/vfiEl7lwWgOH/K,Ferdinand,Andrew,ultrices.posuere.cubilia@enim.co.uk,true,en,system
75,Kamal,$2a$10$VEjxo0jq2YG9Rbk2HmX9S.k1uZBGYUHdUcid3g/vfiEl7lwWgOH/K,Catherine,Uriah,Curabitur@duiCumsociis.co.uk,true,en,system
76,Hashim,$2a$10$VEjxo0jq2YG9Rbk2HmX9S.k1uZBGYUHdUcid3g/vfiEl7lwWgOH/K,Deacon,Clark,dapibus.id@Etiambibendum.net,true,en,system
77,Lesley,$2a$10$VEjxo0jq2YG9Rbk2HmX9S.k1uZBGYUHdUcid3g/vfiEl7lwWgOH/K,Jesse,Noble,Donec.felis.orci@ornaresagittisfelis.com,true,en,system
78,Pamela,$2a$10$VEjxo0jq2YG9Rbk2HmX9S.k1uZBGYUHdUcid3g/vfiEl7lwWgOH/K,Francesca,Leroy,erat@scelerisquescelerisquedui.edu,true,en,system
79,Emily,$2a$10$VEjxo0jq2YG9Rbk2HmX9S.k1uZBGYUHdUcid3g/vfiEl7lwWgOH/K,Kaitlin,Yoshio,Phasellus.elit.pede@tristiquesenectus.com,true,en,system
80,Keegan,$2a$10$VEjxo0jq2YG9Rbk2HmX9S.k1uZBGYUHdUcid3g/vfiEl7lwWgOH/K,Britanni,Castor,at.egestas@milaciniamattis.ca,true,en,system
81,Rajah,$2a$10$VEjxo0jq2YG9Rbk2HmX9S.k1uZBGYUHdUcid3g/vfiEl7lwWgOH/K,Cairo,Martin,neque@dolorFusce.co.uk,true,en,system
82,Drew,$2a$10$VEjxo0jq2YG9Rbk2HmX9S.k1uZBGYUHdUcid3g/vfiEl7lwWgOH/K,Summer,Plato,elementum.sem@sit.edu,true,en,system
83,Zephania,$2a$10$VEjxo0jq2YG9Rbk2HmX9S.k1uZBGYUHdUcid3g/vfiEl7lwWgOH/K,Tucker,Xander,adipiscing.lobortis.risus@tellus.com,true,en,system
84,Elijah,$2a$10$VEjxo0jq2YG9Rbk2HmX9S.k1uZBGYUHdUcid3g/vfiEl7lwWgOH/K,Tanisha,Kuame,aliquam.arcu.Aliquam@Vivamusmolestie.net,true,en,system
85,Janna,$2a$10$VEjxo0jq2YG9Rbk2HmX9S.k1uZBGYUHdUcid3g/vfiEl7lwWgOH/K,Ashely,Solomon,ultricies@id.ca,true,en,system
86,Ali,$2a$10$VEjxo0jq2YG9Rbk2HmX9S.k1uZBGYUHdUcid3g/vfiEl7lwWgOH/K,Otto,Nicholas,in.consequat@metus.co.uk,true,en,system
87,Ora,$2a$10$VEjxo0jq2YG9Rbk2HmX9S.k1uZBGYUHdUcid3g/vfiEl7lwWgOH/K,Kylynn,Vance,massa@eu.co.uk,true,en,system
88,Dahlia,$2a$10$VEjxo0jq2YG9Rbk2HmX9S.k1uZBGYUHdUcid3g/vfiEl7lwWgOH/K,Kyla,Omar,egestas.urna@porttitorvulputate.ca,true,en,system
89,Tucker,$2a$10$VEjxo0jq2YG9Rbk2HmX9S.k1uZBGYUHdUcid3g/vfiEl7lwWgOH/K,Todd,Paul,ipsum@consequatnec.edu,true,en,system
90,Boris,$2a$10$VEjxo0jq2YG9Rbk2HmX9S.k1uZBGYUHdUcid3g/vfiEl7lwWgOH/K,Ulysses,Hayden,velit.eget@Sedetlibero.edu,true,en,system
91,Yen,$2a$10$VEjxo0jq2YG9Rbk2HmX9S.k1uZBGYUHdUcid3g/vfiEl7lwWgOH/K,Kelsie,Rahim,neque.vitae.semper@fringillaornareplacerat.ca,true,en,system
92,Ignatius,$2a$10$VEjxo0jq2YG9Rbk2HmX9S.k1uZBGYUHdUcid3g/vfiEl7lwWgOH/K,Phelan,Raphael,In@sit.edu,true,en,system
93,Alexa,$2a$10$VEjxo0jq2YG9Rbk2HmX9S.k1uZBGYUHdUcid3g/vfiEl7lwWgOH/K,Carter,Price,Vivamus.nibh.dolor@sem.net,true,en,system
94,Zenaida,$2a$10$VEjxo0jq2YG9Rbk2HmX9S.k1uZBGYUHdUcid3g/vfiEl7lwWgOH/K,Vera,William,vel.turpis@eratSednunc.ca,true,en,system
95,Hannah,$2a$10$VEjxo0jq2YG9Rbk2HmX9S.k1uZBGYUHdUcid3g/vfiEl7lwWgOH/K,Mollie,Donovan,ipsum@estMauris.edu,true,en,system
96,Rashad,$2a$10$VEjxo0jq2YG9Rbk2HmX9S.k1uZBGYUHdUcid3g/vfiEl7lwWgOH/K,Kalia,Wade,sagittis.felis@ametornare.co.uk,true,en,system
97,Laith,$2a$10$VEjxo0jq2YG9Rbk2HmX9S.k1uZBGYUHdUcid3g/vfiEl7lwWgOH/K,Wendy,Isaac,sollicitudin.orci.sem@egestas.com,true,en,system
98,Hayley,$2a$10$VEjxo0jq2YG9Rbk2HmX9S.k1uZBGYUHdUcid3g/vfiEl7lwWgOH/K,Kiayada,Dalton,sodales.Mauris@purus.ca,true,en,system
99,Moana,$2a$10$VEjxo0jq2YG9Rbk2HmX9S.k1uZBGYUHdUcid3g/vfiEl7lwWgOH/K,Cathleen,Alec,Morbi.neque.tellus@Mauris.org,true,en,system
100,Axel,$2a$10$VEjxo0jq2YG9Rbk2HmX9S.k1uZBGYUHdUcid3g/vfiEl7lwWgOH/K,Graham,Burke,Mauris@Sedpharetrafelis.co.uk,true,en,system
